"ds_num","title","resp","comp","status","consultations_requested_date","consultations_requested_month","consultations_requested_year","date_added"
DS595,Safeguard Measures on Certain Steel Products,European Union,Turkey,In consultations,"13",March,"2020","6 July 2020"
DS594,Measures Affecting Trade in Commercial Vessels (second complaint) (Japan),"Korea, Republic of",Japan,In consultations,"31",January,"2020","6 July 2020"
DS593,Certain measures concerning palm oil and oil palm crop-based biofuels,European Union,Indonesia,In consultations,"9",December,"2019","6 July 2020"
DS592,Measures Relating to Raw Materials,Indonesia,European Union,In consultations,"22",November,"2019","6 July 2020"
DS591,"Anti-Dumping Duties on Frozen Fries from Belgium, Germany and the Netherlands",Colombia,European Union,"Panel established, but not yet composed","15",November,"2019","6 July 2020"
DS590,Measures Related to the Exportation of Products and Technology to Korea,Japan,"Korea, Republic of",In consultations,"11",September,"2019","6 July 2020"
DS589,Measures Concerning the Importation of Canola Seed from Canada,China,Canada,In consultations,"9",September,"2019","6 July 2020"
DS588,Tariff Treatment on Certain Good in the Information and Communications Technology Sector,India,Chinese Taipei,In consultations,"2",September,"2019","6 July 2020"
DS587,Tariff measures on certain goods from China III,United States,China,In consultations,"2",September,"2019","6 July 2020"
DS586,Anti-Dumping Measures on Carbon-Quality Steel from Russia,United States,Russian Federation,In consultations,"5",July,"2019","6 July 2020"
DS585,Additional duties on certain products from the United States,India,United States,Panel composed,"3",July,"2019","6 July 2020"
DS584,Tariff Treatment on Certain Goods,India,Japan,In consultations,"10",May,"2019","6 July 2020"
DS583,"Certain Measures concerning the Production, Importation and Marketing of Pharmaceutical Products",Turkey,European Union,Panel composed,"2",April,"2019","6 July 2020"
DS582,Tariff Treatment on Certain Good in the Information and Communications Technology Sector,India,European Union,"Panel established, but not yet composed","2",April,"2019","6 July 2020"
DS581,Measures Concerning Sugar and Sugarcane,India,Guatemala,Panel composed,"15",March,"2019","6 July 2020"
DS580,Measures Concerning Sugar and Sugarcane,India,Australia,Panel composed,"1",March,"2019","6 July 2020"
DS579,Measures Concerning Sugar and Sugarcane,India,Brazil,Panel composed,"27",February,"2019","6 July 2020"
DS578,Definitive Anti-Dumping Measures on School Exercise Books from Tunisia,Morocco,Tunisia,Panel composed,"21",February,"2019","6 July 2020"
DS577,Anti-dumping and countervailing duties on ripe olives from Spain,United States,European Union,Panel composed,"29",January,"2019","6 July 2020"
DS576,Certain measures concerning goods from the United Arab Emirates,Qatar,United Arab Emirates,"Panel established, but not yet composed","28",January,"2019","6 July 2020"
DS575,Measures concerning the distribution of liquid fuels,Colombia,"Venezuela, Bolivarian Republic of",In consultations,"9",January,"2019","6 July 2020"
DS574,Measures relating to trade in goods and services,United States,"Venezuela, Bolivarian Republic of",In consultations,"28",December,"2018","6 July 2020"
DS573,Additional duties on imports of air conditioning machines from Thailand,Turkey,Thailand,Panel composed,"5",December,"2018","6 July 2020"
DS572,Anti-dumping and countervailing measures on biodiesel from Argentina,Peru,Argentina,In consultations,"29",November,"2018","6 July 2020"
DS571,Measures Affecting Trade in Commercial Vessels (Japan),"Korea, Republic of",Japan,In consultations,"6",November,"2018","6 July 2020"
DS570,Anti-Dumping Measures on Steel Pipes,Kyrgyz Republic,Ukraine,In consultations,"17",October,"2018","6 July 2020"
DS569,Anti-Dumping Measures on Steel Pipes,Armenia,Ukraine,In consultations,"17",October,"2018","6 July 2020"
DS568,Certain Measures Concerning Imports of Sugar,China,Brazil,In consultations,"16",October,"2018","6 July 2020"
DS567,Measures concerning the Protection of Intellectual Property Rights,"Saudi Arabia, Kingdom of",Qatar,Panel report circulated,"1",October,"2018","6 July 2020"
DS566,Additional Duties on Certain Products from the United States,Russian Federation,United States,Panel composed,"27",August,"2018","6 July 2020"
DS565,Tariff Measures on Certain Goods from China II,United States,China,In consultations,"23",August,"2018","6 July 2020"
DS564,Certain Measures on Steel and Aluminium Products,United States,Turkey,Panel composed,"15",August,"2018","6 July 2020"
DS563,Certain Measures Related to Renewable Energy,United States,China,In consultations,"14",August,"2018","6 July 2020"
DS562,Safeguard Measure on Imports of Crystalline Silicon Photovoltaic Products,United States,China,Panel composed,"14",August,"2018","6 July 2020"
DS561,Additional Duties on Certain Products from the United States,Turkey,United States,Panel composed,"16",July,"2018","6 July 2020"
DS560,Additional Duties on Certain Products from the United States,Mexico,United States,"Settled or terminated (withdrawn, mutually agreed solution)","16",July,"2018","6 July 2020"
DS559,Additional Duties on Certain Products from the United States,European Union,United States,Panel composed,"16",July,"2018","6 July 2020"
DS558,Additional Duties on Certain Products from the United States,China,United States,Panel composed,"16",July,"2018","6 July 2020"
DS557,Additional Duties on Certain Products from the United States,Canada,United States,"Settled or terminated (withdrawn, mutually agreed solution)","16",July,"2018","6 July 2020"
DS556,Certain Measures on Steel and Aluminium Products,United States,Switzerland,Panel composed,"9",July,"2018","6 July 2020"
DS555,Provisional Anti-Dumping Measures on School Exercise Books from Tunisia,Morocco,Tunisia,In consultations,"5",July,"2018","6 July 2020"
DS554,Certain Measures on Steel and Aluminium Products,United States,Russian Federation,Panel composed,"29",June,"2018","6 July 2020"
DS553,Sunset Review of Anti-Dumping Duties on Stainless Steel Bars,"Korea, Republic of",Japan,Panel composed,"18",June,"2018","6 July 2020"
DS552,Certain Measures on Steel and Aluminium Products,United States,Norway,Panel composed,"12",June,"2018","6 July 2020"
DS551,Certain Measures on Steel and Aluminium Products,United States,Mexico,"Settled or terminated (withdrawn, mutually agreed solution)","5",June,"2018","6 July 2020"
DS550,Certain Measures on Steel and Aluminium Products,United States,Canada,"Settled or terminated (withdrawn, mutually agreed solution)","1",June,"2018","6 July 2020"
DS549,Certain Measures on the Transfer of Technology,China,European Union,In consultations,"1",June,"2018","6 July 2020"
DS548,Certain Measures on Steel and Aluminium Products,United States,European Union,Panel composed,"1",June,"2018","6 July 2020"
DS547,Certain Measures on Steel and Aluminium Products,United States,India,Panel composed,"18",May,"2018","6 July 2020"
DS546,Safeguard measure on imports of large residential washers,United States,"Korea, Republic of",Panel composed,"14",May,"2018","6 July 2020"
DS545,Safeguard measure on imports of crystalline silicon photovoltaic products,United States,"Korea, Republic of","Panel established, but not yet composed","14",May,"2018","6 July 2020"
DS544,Certain Measures on Steel and Aluminium Products,United States,China,Panel composed,"5",April,"2018","6 July 2020"
DS543,Tariff Measures on Certain Goods from China,United States,China,Panel composed,"4",April,"2018","6 July 2020"
DS542,Certain Measures Concerning the Protection of Intellectual Property Rights,China,United States,Panel composed,"23",March,"2018","6 July 2020"
DS541,Export Related Measures,India,United States,Panel report under appeal,"14",March,"2018","6 July 2020"
DS540,Certain Measures Concerning Pangasius Seafood Products from Viet Nam,United States,Viet Nam,In consultations,"22",February,"2018","6 July 2020"
DS539,Anti-dumping and Countervailing Duties on Certain Products and the Use of Facts Available,United States,"Korea, Republic of",Panel composed,"14",February,"2018","6 July 2020"
DS538,Anti-Dumping Measures on Biaxially Oriented Polypropylene Film from the United Arab Emirates,Pakistan,United Arab Emirates,Panel composed,"24",January,"2018","6 July 2020"
DS537,Measures Governing the Sale of Wine,Canada,Australia,Panel composed,"12",January,"2018","6 July 2020"
DS536,Anti-Dumping Measures on Fish Fillets from Viet nam,United States,Viet Nam,Panel composed,"8",January,"2018","6 July 2020"
DS535,Certain Systemic Trade Remedies Measures,United States,Canada,In consultations,"20",December,"2017","6 July 2020"
DS534,Anti-Dumping Measures Applying Differential Pricing Methodology to Softwood Lumber from Canada,United States,Canada,Panel report under appeal,"28",November,"2017","6 July 2020"
DS533,Countervailing Measures on Softwood Lumber from Canada,United States,Canada,Panel composed,"28",November,"2017","6 July 2020"
DS532,Measures Concerning the Importation and Transit of Certain Ukrainian Products,Russian Federation,Ukraine,In consultations,"13",October,"2017","6 July 2020"
DS531,Measures Governing the Sale of Wine in Grocery Stores (second complaint),Canada,United States,"Panel established, but not yet composed","28",September,"2017","6 July 2020"
DS530,Anti-dumping Measures on Steel Pipes,Kazakhstan,Ukraine,In consultations,"19",September,"2017","6 July 2020"
DS529,Anti-Dumping Measures on A4 Copy Paper,Australia,Indonesia,"Report(s) adopted, with recommendation to bring measure(s) into conformity","1",September,"2017","6 July 2020"
DS528,"Measures Relating to Trade in Goods and Services, and Trade-Related Aspects of Intellectual Property Rights","Saudi Arabia, Kingdom of",Qatar,In consultations,"31",July,"2017","6 July 2020"
DS527,"Measures Relating to Trade in Goods and Services, and Trade-Related Aspects of Intellectual Property Rights","Bahrain, Kingdom of",Qatar,In consultations,"31",July,"2017","6 July 2020"
DS526,"Measures Relating to Trade in Goods and Services, and Trade-Related Aspects of Intellectual Property Rights",United Arab Emirates,Qatar,Panel composed,"31",July,"2017","6 July 2020"
DS525,Measures relating to Trade in Goods and Services,Ukraine,Russian Federation,In consultations,"19",May,"2017","6 July 2020"
DS524,Measures Concerning the Importation of Fresh Avocados from Mexico,Costa Rica,Mexico,Panel composed,"8",March,"2017","6 July 2020"
DS523,Countervailing Measures on Certain Pipe and Tube Products (Turkey),United States,Turkey,Panel report under appeal,"8",March,"2017","6 July 2020"
DS522,Measures Concerning Trade in Commercial Aircraft,Canada,Brazil,Panel composed,"8",February,"2017","6 July 2020"
DS521,Anti-Dumping Measures on Certain Cold-Rolled Flat Steel Products from Russia,European Union,Russian Federation,Panel composed,"27",January,"2017","6 July 2020"
DS520,Measures Governing the Sale of Wine in Grocery Stores,Canada,United States,In consultations,"18",January,"2017","6 July 2020"
DS519,Subsidies to Producers of Primary Aluminium,China,United States,In consultations,"12",January,"2017","6 July 2020"
DS518,Certain Measures on Imports of Iron and Steel Products,India,Japan,Panel report under appeal,"20",December,"2016","6 July 2020"
DS517,Tariff Rate Quotas for Certain Agricultural Products,China,United States,"Report(s) adopted, with recommendation to bring measure(s) into conformity","15",December,"2016","6 July 2020"
DS516,Measures Related to Price Comparison Methodologies,European Union,China,Authority for panel lapsed,"12",December,"2016","6 July 2020"
DS515,Measures Related to Price Comparison Methodologies,United States,China,In consultations,"12",December,"2016","6 July 2020"
DS514,Countervailing Measures on Cold- and Hot-Rolled Steel Flat Products from Brazil,United States,Brazil,In consultations,"11",November,"2016","6 July 2020"
DS513,Anti-Dumping Measures on Certain Hot-Rolled Steel from Turkey,Morocco,Turkey,"Report(s) adopted, with recommendation to bring measure(s) into conformity","3",October,"2016","6 July 2020"
DS512,Measures Concerning Traffic in Transit,Russian Federation,Ukraine,"Report(s) adopted, no further action required","14",September,"2016","6 July 2020"
DS511,Domestic Support for Agricultural Producers,China,United States,"Report(s) adopted, with recommendation to bring measure(s) into conformity","13",September,"2016","6 July 2020"
DS510,Certain Measures Relating to the Renewable Energy Sector,United States,India,Panel report under appeal,"9",September,"2016","6 July 2020"
DS509,Duties and other Measures concerning the Exportation of Certain Raw Materials,China,European Union,"Panel established, but not yet composed","19",July,"2016","6 July 2020"
DS508,Export Duties on Certain Raw Materials,China,United States,"Panel established, but not yet composed","13",July,"2016","6 July 2020"
DS507,Subsidies concerning Sugar,Thailand,Brazil,In consultations,"4",April,"2016","6 July 2020"
DS506,Measures Concerning the Importation of Bovine Meat,Indonesia,Brazil,In consultations,"4",April,"2016","6 July 2020"
DS505,Countervailing Measures on Supercalendered Paper from Canada,United States,Canada,"Report(s) adopted, with recommendation to bring measure(s) into conformity","30",March,"2016","6 July 2020"
DS504,Anti-Dumping Duties on Pneumatic Valves from Japan,"Korea, Republic of",Japan,"Report(s) adopted, with recommendation to bring measure(s) into conformity","15",March,"2016","6 July 2020"
DS503,Measures Concerning Non-Immigrant Visas,United States,India,In consultations,"3",March,"2016","6 July 2020"
DS502,Measures Concerning Imported Spirits,Colombia,European Union,"Panel established, but not yet composed","13",January,"2016","6 July 2020"
DS501,Tax Measures Concerning Certain Domestically Produced Aircraft,China,United States,In consultations,"8",December,"2015","6 July 2020"
DS500,Provisional Anti-Dumping Duties on Portland Cement from Pakistan,South Africa,Pakistan,In consultations,"9",November,"2015","6 July 2020"
DS499,Measures affecting the importation of railway equipment and parts thereof,Russian Federation,Ukraine,"Report(s) adopted, with recommendation to bring measure(s) into conformity","21",October,"2015","6 July 2020"
DS498,"Anti-Dumping Duties on USB Flash Drives from the Separate Customs Territory of Taiwan, Penghu, Kinmen and Matsu",India,Chinese Taipei,In consultations,"24",September,"2015","6 July 2020"
DS497,Certain Measures Concerning Taxation and Charges,Brazil,Japan,"Report(s) adopted, with recommendation to bring measure(s) into conformity","2",July,"2015","6 July 2020"
DS496,Safeguard on Certain Iron or Steel Products,Indonesia,Viet Nam,"Report(s) adopted, with recommendation to bring measure(s) into conformity","1",June,"2015","6 July 2020"
DS495,"Import Bans, and Testing and Certification Requirements for Radionuclides","Korea, Republic of",Japan,"Report(s) adopted, with recommendation to bring measure(s) into conformity","21",May,"2015","6 July 2020"
DS494,Cost Adjustment Methodologies and Certain Anti-Dumping Measures on Imports from Russia (Second complaint),European Union,Russian Federation,Panel composed,"7",May,"2015","6 July 2020"
DS493,Anti-Dumping Measures on Ammonium Nitrate,Ukraine,Russian Federation,"Report(s) adopted, with recommendation to bring measure(s) into conformity","7",May,"2015","6 July 2020"
DS492,Measures Affecting Tariff Concessions on Certain Poultry Meat Products,European Union,China,"Settled or terminated (withdrawn, mutually agreed solution)","8",April,"2015","6 July 2020"
DS491,Anti-Dumping and Countervailing Measures on Certain Coated Paper from Indonesia,United States,Indonesia,"Report(s) adopted, no further action required","13",March,"2015","6 July 2020"
DS490,Safeguard on Certain Iron or Steel Products,Indonesia,Chinese Taipei,"Report(s) adopted, with recommendation to bring measure(s) into conformity","12",February,"2015","6 July 2020"
DS489,Measures Related to Demonstration Bases and common Service Platforms Programmes,China,United States,"Panel established, but not yet composed","11",February,"2015","6 July 2020"
DS488,Anti-Dumping Measures on Certain Oil Country Tubular Goods from Korea,United States,"Korea, Republic of",Authorization to retaliate requested (including 22.6 arbitration),"22",December,"2014","6 July 2020"
DS487,Conditional Tax Incentives for Large Civil Aircraft,United States,European Union,"Report(s) adopted, no further action required","19",December,"2014","6 July 2020"
DS486,Countervailing Measures on Certain Polyethylene Terephthalate from Pakistan,European Union,Pakistan,"Report(s) adopted, no further action required","5",November,"2014","6 July 2020"
DS485,Tariff Treatment of Certain Agricultural and Manufacturing Products,Russian Federation,European Union,"Report(s) adopted, with recommendation to bring measure(s) into conformity","31",October,"2014","6 July 2020"
DS484,Measures Concerning the Importation of Chicken Meat and Chicken Products,Indonesia,Brazil,Compliance proceedings ongoing,"16",October,"2014","6 July 2020"
DS483,Anti-Dumping Measures on Imports of Cellulose Pulp from Canada,China,Canada,Implementation notified by respondent,"15",October,"2014","6 July 2020"
DS482,"Anti-Dumping Measures on Imports of Certain Carbon Steel Welded Pipe from The Separate Customs Territory of Taiwan, Penghu, Kinmen and Matsu",Canada,Chinese Taipei,"Report(s) adopted, with recommendation to bring measure(s) into conformity","25",June,"2014","6 July 2020"
DS481,Recourse to article 22.2 of the DSU in the US,Indonesia,European Union,"Settled or terminated (withdrawn, mutually agreed solution)","13",June,"2014","6 July 2020"
DS480,Anti-Dumping Measures on Biodiesel from Indonesia,European Union,Indonesia,"Report(s) adopted, with recommendation to bring measure(s) into conformity","10",June,"2014","6 July 2020"
DS479,Anti-Dumping Duties on Light Commercial Vehicles from Germany and Italy,Russian Federation,European Union,"Report(s) adopted, with recommendation to bring measure(s) into conformity","21",May,"2014","6 July 2020"
DS478,"Importation of Horticultural Products, Animals and Animal Products",Indonesia,United States,Authorization to retaliate requested (including 22.6 arbitration),"8",May,"2014","6 July 2020"
DS477,"Importation of Horticultural Products, Animals and Animal Products",Indonesia,New Zealand,"Report(s) adopted, with recommendation to bring measure(s) into conformity","8",May,"2014","6 July 2020"
DS476,Certain Measures Relating to the Energy Sector,European Union,Russian Federation,Panel report under appeal,"30",April,"2014","6 July 2020"
DS475,"Measures on the Importation of Live Pigs, Pork and Other Pig Products from the European Union",Russian Federation,European Union,Compliance proceedings ongoing,"8",April,"2014","6 July 2020"
DS474,Cost Adjustment Methodologies and Certain Anti-Dumping Measures on Imports from Russia,European Union,Russian Federation,"Panel established, but not yet composed","23",December,"2013","6 July 2020"
DS473,Anti-Dumping Measures on Biodiesel from Argentina,European Union,Argentina,"Report(s) adopted, with recommendation to bring measure(s) into conformity","19",December,"2013","6 July 2020"
DS472,Certain Measures Concerning Taxation and Charges,Brazil,European Union,"Report(s) adopted, with recommendation to bring measure(s) into conformity","19",December,"2013","6 July 2020"
DS471,Certain Methodologies and their Application to Anti-Dumping Proceedings Involving China,United States,China,Authorization to retaliate requested (including 22.6 arbitration),"3",December,"2013","6 July 2020"
DS470,Anti-Dumping and Countervailing Duty Investigations on Certain Paper Products from Indonesia,Pakistan,Indonesia,In consultations,"27",November,"2013","6 July 2020"
DS469,Measures on Atlanto-Scandian Herring,European Union,Denmark,"Settled or terminated (withdrawn, mutually agreed solution)","4",November,"2013","6 July 2020"
DS468,Definitive Safeguard Measures on Certain Passenger Cars,Ukraine,Japan,"Report(s) adopted, with recommendation to bring measure(s) into conformity","30",October,"2013","6 July 2020"
DS467,"Certain Measures Concerning Trademarks, Geographical Indications and Other Plain Packaging Requirements Applicable to Tobacco Products and Packaging",Australia,Indonesia,"Report(s) adopted, no further action required","20",September,"2013","6 July 2020"
DS466,"Importation of Horticultural Products, Animals and Animal Products",Indonesia,New Zealand,In consultations,"30",August,"2013","6 July 2020"
DS465,"Importation of Horticultural Products, Animals and Animal Products",Indonesia,United States,In consultations,"30",August,"2013","6 July 2020"
DS464,Anti-Dumping and Countervailing Measures on Large Residential Washers from Korea,United States,"Korea, Republic of",Authorization to retaliate requested (including 22.6 arbitration),"29",August,"2013","6 July 2020"
DS463,Recycling Fee on Motor Vehicles,Russian Federation,Japan,In consultations,"24",July,"2013","6 July 2020"
DS462,Recycling Fee on Motor Vehicles,Russian Federation,European Union,"Panel established, but not yet composed","9",July,"2013","6 July 2020"
DS461,"Measures Relating to the Importation of Textiles, Apparel and Footwear",Colombia,Panama,"Authorization to retaliate requested (including 22.6 arbitration), Compliance proceedings ongoing","18",June,"2013","6 July 2020"
DS460,Measures Imposing Anti-Dumping Duties on High-Performance Stainless Steel Seamless Tubes (HP-SSST) from the European Union,China,European Union,"Report(s) adopted, with recommendation to bring measure(s) into conformity","13",June,"2013","6 July 2020"
DS459,Certain Measures on the Importation and Marketing of Biodiesel and Measures Supporting the Biodiesel Industry,European Union,Argentina,In consultations,"15",May,"2013","6 July 2020"
DS458,"Certain Measures Concerning Trademarks, Geographical Indications and Other Plain Packaging Requirements Applicable to Tobacco Products and Packaging",Australia,Cuba,"Report(s) adopted, no further action required","3",May,"2013","6 July 2020"
DS457,Additional Duty on Imports of Certain Agricultural Products,Peru,Guatemala,"Report(s) adopted, with recommendation to bring measure(s) into conformity","12",April,"2013","6 July 2020"
DS456,Certain Measures Relating to Solar Cells and Solar Modules,India,United States,"Authorization to retaliate requested (including 22.6 arbitration), Compliance proceedings ongoing","6",February,"2013","6 July 2020"
DS455,"Importation of horticultural products, animals and animal products",Indonesia,United States,"Panel established, but not yet composed","10",January,"2013","6 July 2020"
DS454,Measures Imposing Anti-Dumping Duties on High-Performance Stainless Steel Seamless Tubes (HP-SSST) from Japan,China,Japan,"Report(s) adopted, with recommendation to bring measure(s) into conformity","20",December,"2012","6 July 2020"
DS453,Measures Relating to Trade in Goods and Services,Argentina,Panama,"Report(s) adopted, no further action required","12",December,"2012","6 July 2020"
DS452,Certain Measures Affecting the Renewable Energy Generation Sector,European Union and Certain Member States,China,In consultations,"5",November,"2012","6 July 2020"
DS451,Measures Relating to the Production and Exportation of Apparel and Textile Products,China,Mexico,In consultations,"15",October,"2012","6 July 2020"
DS450,Certain Measures Affecting the Automobile and Automobile-Parts Industries,China,United States,In consultations,"17",September,"2012","6 July 2020"
DS449,Countervailing and Anti-dumping Measures on Certain Products from China,United States,China,"Report(s) adopted, with recommendation to bring measure(s) into conformity","17",September,"2012","6 July 2020"
DS448,Measures Affecting the Importation of Fresh Lemons,United States,Argentina,In consultations,"3",September,"2012","6 July 2020"
DS447,"Measures Affecting the Importation of Animals, Meat and Other Animal Products from Argentina",United States,Argentina,"Report(s) adopted, with recommendation to bring measure(s) into conformity","30",August,"2012","6 July 2020"
DS446,Measures Affecting the Importation of Goods,Argentina,Mexico,In consultations,"24",August,"2012","6 July 2020"
DS445,Measures Affecting the Importation of Goods,Argentina,Japan,"Report(s) adopted, with recommendation to bring measure(s) into conformity","21",August,"2012","6 July 2020"
DS444,Measures Affecting the Importation of Goods,Argentina,United States,"Report(s) adopted, with recommendation to bring measure(s) into conformity","21",August,"2012","6 July 2020"
DS443,Certain Measures Concerning the Importation of Biodiesels,European Union and a Member State,Argentina,In consultations,"17",August,"2012","6 July 2020"
DS442,Anti-Dumping Measures on Imports of Certain Fatty Alcohols from Indonesia,European Union,Indonesia,"Report(s) adopted, with recommendation to bring measure(s) into conformity","30",July,"2012","6 July 2020"
DS441,"Certain Measures Concerning Trademarks, Geographical Indications and Other Plain Packaging Requirements Applicable to Tobacco Products and Packaging",Australia,Dominican Republic,"Report(s) adopted, no further action required","18",July,"2012","6 July 2020"
DS440,Anti-Dumping and Countervailing Duties on Certain Automobiles from the United States,China,United States,"Report(s) adopted, no further action required","5",July,"2012","6 July 2020"
DS439,Anti-Dumping Duties on Frozen Meat of Fowls from Brazil,South Africa,Brazil,In consultations,"21",June,"2012","6 July 2020"
DS438,Measures Affecting the Importation of Goods,Argentina,European Union,"Report(s) adopted, with recommendation to bring measure(s) into conformity","25",May,"2012","6 July 2020"
DS437,Countervailing Duty Measures on Certain Products from China,United States,China,Authorization to retaliate requested (including 22.6 arbitration),"25",May,"2012","6 July 2020"
DS436,Countervailing Measures on Certain Hot-Rolled Carbon Steel Flat Products from India,United States,India,Compliance proceedings ongoing,"12",April,"2012","6 July 2020"
DS435,"Certain Measures Concerning Trademarks, Geographical Indications and Other Plain Packaging Requirements Applicable to Tobacco Products and Packaging",Australia,Honduras,"Report(s) adopted, no further action required","4",April,"2012","6 July 2020"
DS434,Certain Measures Concerning Trademarks and Other Plain Packaging Requirements Applicable to Tobacco Products and Packaging,Australia,Ukraine,Authority for panel lapsed,"13",March,"2012","6 July 2020"
DS433,"Measures Related to the Exportation of Rare Earths, Tungsten and Molybdenum",China,Japan,Implementation notified by respondent,"13",March,"2012","6 July 2020"
DS432,"Measures Related to the Exportation of Rare Earths, Tungsten and Molybdenum",China,European Union,Implementation notified by respondent,"13",March,"2012","6 July 2020"
DS431,"Measures Related to the Exportation of Rare Earths, Tungsten and Molybdenum",China,United States,Implementation notified by respondent,"13",March,"2012","6 July 2020"
DS430,Measures Concerning the Importation of Certain Agricultural Products,India,United States,"Authorization to retaliate requested (including 22.6 arbitration), Compliance proceedings ongoing","6",March,"2012","6 July 2020"
DS429,Anti-Dumping Measures on Certain Shrimp from Viet Nam,United States,Viet Nam,"Settled or terminated (withdrawn, mutually agreed solution)","20",February,"2012","6 July 2020"
DS428,Safeguard measures on imports of cotton yarn (other than sewing thread),Turkey,India,In consultations,"13",February,"2012","6 July 2020"
DS427,Anti-Dumping and Countervailing Duty Measures on Broiler Products from the United States,China,United States,Compliance proceedings completed with finding(s) of non-compliance,"20",September,"2011","6 July 2020"
DS426,Measures Relating to the Feed-in Tariff Program,Canada,European Union,Implementation notified by respondent,"11",August,"2011","6 July 2020"
DS425,Definitive Anti-Dumping Duties on X-Ray Security Inspection Equipment from the European Union,China,European Union,Implementation notified by respondent,"25",July,"2011","6 July 2020"
DS424,Anti-Dumping Measures on Imports of Stainless Steel Sheet and Strip in Coils from Italy,United States,European Union,In consultations,"1",April,"2011","6 July 2020"
DS423,Taxes on Distilled spirits,Ukraine,"Moldova, Republic of","Panel established, but not yet composed","3",March,"2011","6 July 2020"
DS422,Anti-Dumping Measures on Shrimp and Diamond Sawblades from China,United States,China,Implementation notified by respondent,"28",February,"2011","6 July 2020"
DS421,Measures Affecting the Importation and Internal Sale of Goods (Environmental Charge),"Moldova, Republic of",Ukraine,"Panel established, but not yet composed","17",February,"2011","6 July 2020"
DS420,Anti-dumping measures on corrosion-resistant carbon steel flat products from Korea,United States,"Korea, Republic of","Panel established, but not yet composed","31",January,"2011","6 July 2020"
DS419,Measures concerning wind power equipment,China,United States,In consultations,"22",December,"2010","6 July 2020"
DS418,Safeguard Measures on Imports of Polypropylene Bags and Tubular Fabric,Dominican Republic,El Salvador,Implementation notified by respondent,"19",October,"2010","6 July 2020"
DS417,Safeguard Measures on Imports of Polypropylene Bags and Tubular Fabric,Dominican Republic,Honduras,Implementation notified by respondent,"18",October,"2010","6 July 2020"
DS416,Safeguard Measures on Imports of Polypropylene Bags and Tubular Fabric,Dominican Republic,Guatemala,Implementation notified by respondent,"15",October,"2010","6 July 2020"
DS415,Safeguard Measures on Imports of Polypropylene Bags and Tubular Fabric,Dominican Republic,Costa Rica,Implementation notified by respondent,"15",October,"2010","6 July 2020"
DS414,Countervailing and Anti-Dumping Duties on Grain Oriented Flat-rolled Electrical Steel from the United States,China,United States,"Report(s) adopted, with recommendation to bring measure(s) into conformity","15",September,"2010","6 July 2020"
DS413,Certain Measures Affecting Electronic Payment Services,China,United States,Implementation notified by respondent,"15",September,"2010","6 July 2020"
DS412,Certain Measures Affecting the Renewable Energy Generation Sector,Canada,Japan,Implementation notified by respondent,"13",September,"2010","6 July 2020"
DS411,Measures Affecting the Importation and Internal Sale of Cigarettes and Alcoholic Beverages,Armenia,Ukraine,In consultations,"20",July,"2010","6 July 2020"
DS410,Anti-Dumping Duties on Fasteners and Chains from Peru,Argentina,Peru,In consultations,"19",May,"2010","6 July 2020"
DS409,Seizure of Generic Drugs in Transit,European Union and a Member State,Brazil,In consultations,"12",May,"2010","6 July 2020"
DS408,Seizure of Generic Drugs in Transit,European Union and a Member State,India,In consultations,"11",May,"2010","6 July 2020"
DS407,Provisional Anti-Dumping Duties on Certain Iron and Steel Fasteners from the European Union,China,European Union,In consultations,"7",May,"2010","6 July 2020"
DS406,Measures Affecting the Production and Sale of Clove Cigarettes,United States,Indonesia,Mutually acceptable solution on implementation notified,"7",April,"2010","6 July 2020"
DS405,Anti-Dumping Measures on Certain Footwear from China,European Union,China,Implementation notified by respondent,"4",February,"2010","6 July 2020"
DS404,Anti-dumping Measures on Certain Shrimp from Viet Nam,United States,Viet Nam,"Settled or terminated (withdrawn, mutually agreed solution)","1",February,"2010","6 July 2020"
DS403,Taxes on Distilled Spirits,Philippines,United States,Implementation notified by respondent,"14",January,"2010","6 July 2020"
DS402,Use of Zeroing in Anti-Dumping Measures Involving Products from Korea,United States,"Korea, Republic of",Implementation notified by respondent,"24",November,"2009","6 July 2020"
DS401,Measures Prohibiting the Importation and Marketing of Seal Products,European Communities,Norway,"Report(s) adopted, with recommendation to bring measure(s) into conformity","5",November,"2009","6 July 2020"
DS400,Measures Prohibiting the Importation and Marketing of Seal Products,European Communities,Canada,"Report(s) adopted, with recommendation to bring measure(s) into conformity","2",November,"2009","6 July 2020"
DS399,Measures Affecting Imports of Certain Passenger Vehicle and Light Truck Tyres from China,United States,China,"Report(s) adopted, no further action required","14",September,"2009","6 July 2020"
DS398,Measures Related to the Exportation of Various Raw Materials,China,Mexico,Implementation notified by respondent,"21",August,"2009","6 July 2020"
DS397,Definitive Anti-Dumping Measures on Certain Iron or Steel Fasteners from China,European Communities,China,"Report(s) adopted, with recommendation to bring measure(s) into conformity","31",July,"2009","6 July 2020"
DS396,Taxes on Distilled Spirits,Philippines,European Communities,Implementation notified by respondent,"29",July,"2009","6 July 2020"
DS395,Measures Related to the Exportation of Various Raw Materials,China,European Communities,Implementation notified by respondent,"23",June,"2009","6 July 2020"
DS394,Measures Related to the Exportation of Various Raw Materials,China,United States,Implementation notified by respondent,"23",June,"2009","6 July 2020"
DS393,Anti-Dumping Measures on Imports of Wheat Flour from Argentina,Chile,Argentina,In consultations,"14",May,"2009","6 July 2020"
DS392,Certain Measures Affecting Imports of Poultry from China,United States,China,"Report(s) adopted, no further action required","17",April,"2009","6 July 2020"
DS391,Measures Affecting the Importation of Bovine Meat and Meat Products from Canada,"Korea, Republic of",Canada,"Settled or terminated (withdrawn, mutually agreed solution)","9",April,"2009","6 July 2020"
DS390,"Grants, Loans and Other Incentives",China,Guatemala,In consultations,"19",January,"2009","6 July 2020"
DS389,Certain Measures Affecting Poultry Meat and Poultry Meat Products from the United States,European Communities,United States,"Panel established, but not yet composed","16",January,"2009","6 July 2020"
DS388,"Grants, Loans and Other Incentives",China,Mexico,In consultations,"19",December,"2008","6 July 2020"
DS387,"Grants, Loans and Other Incentives",China,United States,In consultations,"19",December,"2008","6 July 2020"
DS386,Certain Country of Origin Labelling Requirements,United States,Mexico,Authorization to retaliate granted,"17",December,"2008","6 July 2020"
DS385,Expiry Reviews of Anti-dumping and Countervailing Duties Imposed on Imports of PET from India,European Communities,India,In consultations,"4",December,"2008","6 July 2020"
DS384,Certain Country of Origin Labelling (Cool) Requirements,United States,Canada,Authorization to retaliate granted,"1",December,"2008","6 July 2020"
DS383,Anti-Dumping Measures on Polyethylene Retail Carrier Bags from Thailand,United States,Thailand,Implementation notified by respondent,"26",November,"2008","6 July 2020"
DS342,Measures Affecting Imports of Automobile Parts,China,Canada,Implementation notified by respondent,"13",April,"2006","6 July 2020"
DS382,Anti-Dumping Administrative Reviews and Other Measures Related to Imports of Certain Orange Juice from Brazil,United States,Brazil,"Settled or terminated (withdrawn, mutually agreed solution)","27",November,"2008","6 July 2020"
DS381,"Measures Concerning the Importation, Marketing and Sale of Tuna and Tuna Products",United States,Mexico,"Authorization to retaliate granted, Compliance proceedings completed without finding of non-compliance","24",October,"2008","6 July 2020"
DS380,Certain Taxes and Other Measures on Imported Wines and Spirits,India,European Communities,In consultations,"22",September,"2008","6 July 2020"
DS379,Definitive Anti-Dumping and Countervailing Duties on Certain Products from China,United States,China,Implementation notified by respondent,"19",September,"2008","6 July 2020"
DS378,Measures Affecting Financial Information Services and Foreign Financial Information Suppliers,China,Canada,"Settled or terminated (withdrawn, mutually agreed solution)","20",June,"2008","6 July 2020"
DS377,Tariff Treatment of Certain Information Technology Products,European Communities,Chinese Taipei,Implementation notified by respondent,"12",June,"2008","6 July 2020"
DS376,Tariff Treatment of Certain Information Technology Products,European Communities,Japan,Implementation notified by respondent,"28",May,"2008","6 July 2020"
DS375,Tariff Treatment of Certain Information Technology Products,European Communities,United States,Implementation notified by respondent,"28",May,"2008","6 July 2020"
DS374,Anti-Dumping Measures on Uncoated Woodfree Paper,South Africa,Indonesia,"Settled or terminated (withdrawn, mutually agreed solution)","9",May,"2008","6 July 2020"
DS373,Measures Affecting Financial Information Services and Foreign Financial Information Suppliers,China,United States,"Settled or terminated (withdrawn, mutually agreed solution)","3",March,"2008","6 July 2020"
DS372,Measures Affecting Financial Information Services and Foreign Financial Information Suppliers,China,European Communities,"Settled or terminated (withdrawn, mutually agreed solution)","3",March,"2008","6 July 2020"
DS371,Customs and Fiscal Measures on Cigarettes from the Philippines,Thailand,Philippines,Compliance proceedings ongoing,"7",February,"2008","6 July 2020"
DS370,Customs Valuation of Certain Products from the European Communities,Thailand,European Communities,In consultations,"25",January,"2008","6 July 2020"
DS369,Certain Measures Prohibiting the Importation and Marketing of Seal Products,European Communities,Canada,"Settled or terminated (withdrawn, mutually agreed solution)","25",September,"2007","6 July 2020"
DS368,Preliminary Anti-Dumping and Countervailing Duty Determinations on Coated Free Sheet Paper from China,United States,China,In consultations,"14",September,"2007","6 July 2020"
DS367,Measures Affecting the Importation of Apples from New Zealand,Australia,New Zealand,Implementation notified by respondent,"31",August,"2007","6 July 2020"
DS366,Indicative Prices and Restrictions on Ports of Entry,Colombia,Panama,Implementation notified by respondent,"12",July,"2007","6 July 2020"
DS365,Domestic Support and Export Credit Guarantees for Agricultural Products,United States,Brazil,"Panel established, but not yet composed","11",July,"2007","6 July 2020"
DS364,Regime for the Importation of Bananas,European Communities,Panama,"Settled or terminated (withdrawn, mutually agreed solution)","22",June,"2007","6 July 2020"
DS363,Measures Affecting Trading Rights and Distribution Services for Certain Publications and Audiovisual Entertainment Products,China,United States,Implementation notified by respondent,"10",April,"2007","6 July 2020"
DS362,Measures Affecting the Protection and Enforcement of Intellectual Property Rights,China,United States,Implementation notified by respondent,"10",April,"2007","6 July 2020"
DS361,Regime for the Importation of Bananas,European Communities,Colombia,"Settled or terminated (withdrawn, mutually agreed solution)","21",March,"2007","6 July 2020"
DS360,Additional and Extra-Additional Duties on Imports from the United States,India,United States,"Report(s) adopted, no further action required","6",March,"2007","6 July 2020"
DS359,"Certain Measures Granting Refunds, Reductions or Exemptions from Taxes and Other Payments",China,Mexico,"Settled or terminated (withdrawn, mutually agreed solution)","26",February,"2007","6 July 2020"
DS358,"Certain Measures Granting Refunds, Reductions or Exemptions from Taxes and Other Payments",China,United States,"Settled or terminated (withdrawn, mutually agreed solution)","2",February,"2007","6 July 2020"
DS357,Subsidies and Other Domestic Support for Corn and Other Agricultural Products,United States,Canada,"Panel established, but not yet composed","8",January,"2007","6 July 2020"
DS356,Definitive Safeguard Measures on Certain Milk Products,Chile,Argentina,Authority for panel lapsed,"28",December,"2006","6 July 2020"
DS355,Anti-dumping Measures on Imports of Certain Resins from Argentina,Brazil,Argentina,Authority for panel lapsed,"26",December,"2006","6 July 2020"
DS354,Tax Exemptions and Reductions for Wine and Beer,Canada,European Communities,"Settled or terminated (withdrawn, mutually agreed solution)","29",November,"2006","6 July 2020"
DS353,Measures Affecting Trade in Large Civil Aircraft,United States,European Communities,Authorization to retaliate requested (including 22.6 arbitration),"27",June,"2005","6 July 2020"
DS352,Measures Affecting the Importation and Sale of Wines and Spirits from the European Communities,India,European Communities,Authority for panel lapsed,"20",November,"2006","6 July 2020"
DS351,Provisional Safeguard Measure on Certain Milk Products,Chile,Argentina,Authority for panel lapsed,"25",October,"2006","6 July 2020"
DS350,Continued Existence and Application of Zeroing Methodology,United States,European Communities,"Report(s) adopted, with recommendation to bring measure(s) into conformity","2",October,"2006","6 July 2020"
DS349,Measures Affecting the Tariff Quota for Fresh or Chilled Garlic,European Communities,Argentina,In consultations,"6",September,"2006","6 July 2020"
DS348,Customs Measures on Importation of Certain Goods from Panama,Colombia,Panama,"Settled or terminated (withdrawn, mutually agreed solution)","20",July,"2006","6 July 2020"
DS347,Measures Affecting Trade in Large Civil Aircraft (Second Complaint),European Communities and Certain Member States,United States,Authority for panel lapsed,"31",January,"2006","6 July 2020"
DS346,Anti-Dumping Administrative Review on Oil Country Tubular Goods from Argentina,United States,Argentina,In consultations,"20",June,"2006","6 July 2020"
DS345,Customs Bond Directive for Merchandise Subject to Anti-Dumping/Countervailing Duties,United States,India,Implementation notified by respondent,"6",June,"2006","6 July 2020"
DS344,Final Anti-Dumping Measures on Stainless Steel from Mexico,United States,Mexico,"Settled or terminated (withdrawn, mutually agreed solution)","26",May,"2006","6 July 2020"
DS343,Measures Relating to Shrimp from Thailand,United States,Thailand,Implementation notified by respondent,"24",April,"2006","6 July 2020"
DS341,Definitive Countervailing Measures on Olive Oil from the European Communities,Mexico,European Communities,Implementation notified by respondent,"31",March,"2006","6 July 2020"
DS340,Measures Affecting Imports of Automobile Parts,China,United States,Implementation notified by respondent,"30",March,"2006","6 July 2020"
DS339,Measures Affecting Imports of Automobile Parts,China,European Communities,Implementation notified by respondent,"30",March,"2006","6 July 2020"
DS338,Provisional Anti-Dumping and Countervailing Duties on Grain Corn from the United States,Canada,United States,In consultations,"17",March,"2006","6 July 2020"
DS337,Anti-Dumping Measure on Farmed Salmon from Norway,European Communities,Norway,"Report(s) adopted, with recommendation to bring measure(s) into conformity","17",March,"2006","6 July 2020"
DS336,Countervailing Duties on Dynamic Random Access Memories from Korea,Japan,"Korea, Republic of",Authority for panel lapsed,"14",March,"2006","6 July 2020"
DS335,Anti-Dumping Measure on Shrimp from Ecuador,United States,Ecuador,Implementation notified by respondent,"17",November,"2005","6 July 2020"
DS334,Measures Affecting the Importation of Rice,Turkey,United States,Implementation notified by respondent,"2",November,"2005","6 July 2020"
DS333,Foreign Exchange Fee Affecting Imports from Costa Rica,Dominican Republic,Costa Rica,In consultations,"12",September,"2005","6 July 2020"
DS332,Measures Affecting Imports of Retreaded Tyres,Brazil,European Communities,Implementation notified by respondent,"20",June,"2005","6 July 2020"
DS331,Anti-Dumping Duties on Steel Pipes and Tubes from Guatemala,Mexico,Guatemala,Implementation notified by respondent,"17",June,"2005","6 July 2020"
DS330,"Countervailing Duties on Olive Oil, Wheat Gluten and Peaches",Argentina,European Communities,In consultations,"29",April,"2005","6 July 2020"
DS329,Tariff Classification of Certain Milk Products,Panama,Mexico,"Settled or terminated (withdrawn, mutually agreed solution)","16",March,"2005","6 July 2020"
DS328,Definitive Safeguard Measure on Salmon,European Communities,Norway,In consultations,"1",March,"2005","6 July 2020"
DS327,Anti-Dumping Duties on Matches from Pakistan,Egypt,Pakistan,"Settled or terminated (withdrawn, mutually agreed solution)","21",February,"2005","6 July 2020"
DS326,Definitive Safeguard Measure on Salmon,European Communities,Chile,"Settled or terminated (withdrawn, mutually agreed solution)","8",February,"2005","6 July 2020"
DS325,Anti-Dumping Determinations regarding Stainless Steel from Mexico,United States,Mexico,In consultations,"5",January,"2005","6 July 2020"
DS324,Provisional Anti-Dumping Measures on Shrimp from Thailand,United States,Thailand,In consultations,"9",December,"2004","6 July 2020"
DS323,Import Quotas on Dried Laver and Seasoned Laver,Japan,"Korea, Republic of","Settled or terminated (withdrawn, mutually agreed solution)","1",December,"2004","6 July 2020"
DS322,Measures Relating to Zeroing and Sunset Reviews,United States,Japan,"Report(s) adopted, with recommendation to bring measure(s) into conformity","24",November,"2004","6 July 2020"
DS321,Continued Suspension of Obligations in the EC,Canada,European Communities,"Report(s) adopted, no further action required","8",November,"2004","6 July 2020"
DS320,Continued Suspension of Obligations in the EC,United States,European Communities,"Report(s) adopted, no further action required","8",November,"2004","6 July 2020"
DS319,Section 776 of the Tariff Act of 1930,United States,European Communities,In consultations,"5",November,"2004","6 July 2020"
DS318,"Anti-Dumping Measures on Certain Products from the Separate Customs Territory of Taiwan, Penghu, Kinmen and Matsu",India,Chinese Taipei,In consultations,"28",October,"2004","6 July 2020"
DS317,Measures Affecting Trade in Large Civil Aircraft,United States,European Communities,Panel composed,"6",October,"2004","6 July 2020"
DS316,Measures Affecting Trade in Large Civil Aircraft,European Communities and Certain Member States,United States,"Compliance proceedings ongoing, Authorization to retaliate granted","6",October,"2004","6 July 2020"
DS315,Selected Customs Matters,European Communities,United States,Implementation notified by respondent,"21",September,"2004","6 July 2020"
DS314,Provisional Countervailing Measures on Olive Oil from the European Communities,Mexico,European Communities,In consultations,"18",August,"2004","6 July 2020"
DS313,Anti-Dumping Duties on Certain Flat Rolled Iron or Non-Alloy Steel Products from India,European Communities,India,"Settled or terminated (withdrawn, mutually agreed solution)","5",July,"2004","6 July 2020"
DS312,Anti-Dumping Duties on Imports of Certain Paper from Indonesia,"Korea, Republic of",Indonesia,Compliance proceedings completed with finding(s) of non-compliance,"4",June,"2004","6 July 2020"
DS311,Reviews of Countervailing Duty on Softwood Lumber from Canada,United States,Canada,"Settled or terminated (withdrawn, mutually agreed solution)","14",April,"2004","6 July 2020"
DS310,Determination of the International Trade Commission in Hard Red Spring Wheat from Canada,United States,Canada,In consultations,"8",April,"2004","6 July 2020"
DS309,Value-Added Tax on Integrated Circuits,China,United States,"Settled or terminated (withdrawn, mutually agreed solution)","18",March,"2004","6 July 2020"
DS308,Tax Measures on Soft Drinks and Other Beverages,Mexico,United States,Implementation notified by respondent,"16",March,"2004","6 July 2020"
DS307,Aid for Commercial Vessels,European Communities,"Korea, Republic of",In consultations,"13",February,"2004","6 July 2020"
DS306,Anti-Dumping Measure on Batteries from Bangladesh,India,Bangladesh,"Settled or terminated (withdrawn, mutually agreed solution)","28",January,"2004","6 July 2020"
DS305,Measures Affecting Imports of Textile and Apparel Products,Egypt,United States,"Settled or terminated (withdrawn, mutually agreed solution)","23",December,"2003","6 July 2020"
DS304,Anti-Dumping Measures on Imports of Certain Products from the European Communities,India,European Communities,In consultations,"8",December,"2003","6 July 2020"
DS303,Definitive Safeguard Measure on Imports of Medium Density Fibreboard,Ecuador,Chile,In consultations,"24",November,"2003","6 July 2020"
DS302,Measures Affecting the Importation and Internal Sale of Cigarettes,Dominican Republic,Honduras,"Report(s) adopted, with recommendation to bring measure(s) into conformity","8",October,"2003","6 July 2020"
DS301,Measures Affecting Trade in Commercial Vessels,European Communities,"Korea, Republic of",Mutually acceptable solution on implementation notified,"3",September,"2003","6 July 2020"
DS300,Measures Affecting the Importation of Cigarettes,Dominican Republic,Honduras,In consultations,"28",August,"2003","6 July 2020"
DS299,Countervailing Measures on Dynamic Random Access Memory Chips from Korea,European Communities,"Korea, Republic of",Implementation notified by respondent,"25",July,"2003","6 July 2020"
DS298,Certain Pricing Measures for Customs Valuation and Other Purposes,Mexico,Guatemala,"Settled or terminated (withdrawn, mutually agreed solution)","22",July,"2003","6 July 2020"
DS297,Measures Affecting Imports of Live Animals and Meat Products,Croatia,Hungary,"Settled or terminated (withdrawn, mutually agreed solution)","9",July,"2003","6 July 2020"
DS296,Countervailing Duty Investigation on Dynamic Random Access Memory Semiconductors (DRAMS) from Korea,United States,"Korea, Republic of",Implementation notified by respondent,"30",June,"2003","6 July 2020"
DS295,Definitive Anti-Dumping Measures on Beef and Rice,Mexico,United States,"Report(s) adopted, with recommendation to bring measure(s) into conformity","16",June,"2003","6 July 2020"
DS294,"Laws, Regulations and Methodology for Calculating Dumping Margins (Zeroing)",United States,European Communities,"Report(s) adopted, with recommendation to bring measure(s) into conformity","12",June,"2003","6 July 2020"
DS293,Measures Affecting the Approval and Marketing of Biotech Products,European Communities,Argentina,"Settled or terminated (withdrawn, mutually agreed solution)","14",May,"2003","6 July 2020"
DS292,Measures Affecting the Approval and Marketing of Biotech Products,European Communities,Canada,"Settled or terminated (withdrawn, mutually agreed solution)","13",May,"2003","6 July 2020"
DS291,Measures Affecting the Approval and Marketing of Biotech Products,European Communities,United States,Authorization to retaliate requested (including 22.6 arbitration),"13",May,"2003","6 July 2020"
DS290,Protection of Trademarks and Geographical Indications for Agricultural Products and Foodstuffs,European Communities,Australia,Implementation notified by respondent,"17",April,"2003","6 July 2020"
DS289,Additional Duty on Imports of Pig-Meat from Poland,Czech Republic,Poland,In consultations,"16",April,"2003","6 July 2020"
DS288,Definitive Anti-Dumping Measures on Blanketing from Turkey,South Africa,Turkey,In consultations,"9",April,"2003","6 July 2020"
DS287,Quarantine Regime for Imports,Australia,European Communities,"Settled or terminated (withdrawn, mutually agreed solution)","3",April,"2003","6 July 2020"
DS286,Customs Classification of Frozen Boneless Chicken Cuts,European Communities,Thailand,Implementation notified by respondent,"25",March,"2003","6 July 2020"
DS285,Measures Affecting the Cross-Border Supply of Gambling and Betting Services,United States,Antigua and Barbuda,Authorization to retaliate granted,"13",March,"2003","6 July 2020"
DS284,Certain Measures Preventing the Importation of Black Beans from Nicaragua,Mexico,Nicaragua,"Settled or terminated (withdrawn, mutually agreed solution)","17",March,"2003","6 July 2020"
DS283,Export Subsidies on Sugar,European Communities,Thailand,Implementation notified by respondent,"14",March,"2003","6 July 2020"
DS282,Anti-Dumping Measures on Oil Country Tubular Goods (OCTG) from Mexico,United States,Mexico,Authority for panel lapsed,"18",February,"2003","6 July 2020"
DS281,Anti-Dumping Measures on Cement from Mexico,United States,Mexico,"Settled or terminated (withdrawn, mutually agreed solution)","31",January,"2003","6 July 2020"
DS280,Countervailing Duties on Steel Plate from Mexico,United States,Mexico,"Panel established, but not yet composed","21",January,"2003","6 July 2020"
DS279,Import Restrictions Maintained Under the Export and Import Policy 2002-2007,India,European Communities,In consultations,"23",December,"2002","6 July 2020"
DS278,Definitive Safeguard Measure on Imports of Fructose,Chile,Argentina,In consultations,"20",December,"2002","6 July 2020"
DS277,Investigation of the International Trade Commission in Softwood Lumber from Canada,United States,Canada,Mutually acceptable solution on implementation notified,"20",December,"2002","6 July 2020"
DS276,Measures Relating to Exports of Wheat and Treatment of Imported Grain,Canada,United States,Implementation notified by respondent,"17",December,"2002","6 July 2020"
DS275,Import Licensing Measures on Certain Agricultural Products,"Venezuela, Bolivarian Republic of",United States,In consultations,"7",November,"2002","6 July 2020"
DS274,Definitive Safeguard Measures on Imports of Certain Steel Products,United States,Chinese Taipei,In consultations,"1",November,"2002","6 July 2020"
DS273,Measures Affecting Trade in Commercial Vessels,"Korea, Republic of",European Communities,Implementation notified by respondent,"21",October,"2002","6 July 2020"
DS272,Provisional Anti-Dumping Duties on Vegetable Oils from Argentina,Peru,Argentina,In consultations,"21",October,"2002","6 July 2020"
DS271,Certain Measures Affecting the Importation of Fresh Pineapple,Australia,Philippines,In consultations,"18",October,"2002","6 July 2020"
DS270,Certain Measures Affecting the Importation of Fresh Fruit and Vegetables,Australia,Philippines,"Panel established, but not yet composed","18",October,"2002","6 July 2020"
DS269,Customs Classification of Frozen Boneless Chicken Cuts,European Communities,Brazil,Implementation notified by respondent,"11",October,"2002","6 July 2020"
DS268,Sunset Reviews of Anti-Dumping Measures on Oil Country Tubular Goods from Argentina,United States,Argentina,Authorization to retaliate requested (including 22.6 arbitration),"7",October,"2002","6 July 2020"
DS267,Subsidies on Upland Cotton,United States,Brazil,Mutually acceptable solution on implementation notified,"27",September,"2002","6 July 2020"
DS266,Export Subsidies on Sugar,European Communities,Brazil,"Report(s) adopted, with recommendation to bring measure(s) into conformity","27",September,"2002","6 July 2020"
DS265,Export Subsidies on Sugar,European Communities,Australia,"Report(s) adopted, with recommendation to bring measure(s) into conformity","27",September,"2002","6 July 2020"
DS264,Final Dumping Determination on Softwood Lumber from Canada,United States,Canada,Mutually acceptable solution on implementation notified,"13",September,"2002","6 July 2020"
DS263,Measures Affecting Imports of Wine,European Communities,Argentina,In consultations,"4",September,"2002","6 July 2020"
DS262,Sunset Reviews of Anti-Dumping and Countervailing Duties on Certain Steel Products from France and Germany,United States,European Communities,In consultations,"25",July,"2002","6 July 2020"
DS261,Tax Treatment on Certain Products,Uruguay,Chile,"Settled or terminated (withdrawn, mutually agreed solution)","18",June,"2002","6 July 2020"
DS260,Provisional Safeguard Measures on Imports of Certain Steel Products,European Communities,United States,"Panel established, but not yet composed","30",May,"2002","6 July 2020"
DS259,Definitive Safeguard Measures on Imports of Certain Steel Products,United States,Brazil,"Report(s) adopted, no further action required","21",May,"2002","6 July 2020"
DS258,Definitive Safeguard Measures on Imports of Certain Steel Products,United States,New Zealand,"Report(s) adopted, no further action required","14",May,"2002","6 July 2020"
DS127,Certain Income Tax Measures Constituting Subsidies,Belgium,United States,In consultations,"5",May,"1998","6 July 2020"
DS257,Final Countervailing Duty Determination with respect to certain Softwood Lumber from Canada,United States,Canada,Mutually acceptable solution on implementation notified,"3",May,"2002","6 July 2020"
DS256,Import Ban on Pet Food from Hungary,Turkey,Hungary,In consultations,"3",May,"2002","6 July 2020"
DS255,Tax Treatment on Certain Imported Products,Peru,Chile,"Settled or terminated (withdrawn, mutually agreed solution)","22",April,"2002","6 July 2020"
DS254,Definitive Safeguard Measures on Imports of Certain Steel Products,United States,Norway,"Report(s) adopted, no further action required","4",April,"2002","6 July 2020"
DS253,Definitive Safeguard Measures on Imports of Certain Steel Products,United States,Switzerland,"Report(s) adopted, no further action required","3",April,"2002","6 July 2020"
DS252,Definitive Safeguard Measures on Imports of Certain Steel Products,United States,China,"Report(s) adopted, no further action required","26",March,"2002","6 July 2020"
DS251,Definitive Safeguard Measures on Imports of Certain Steel Products,United States,"Korea, Republic of","Report(s) adopted, no further action required","20",March,"2002","6 July 2020"
DS250,Equalizing Excise Tax Imposed by Florida on Processed Orange and Grapefruit Products,United States,Brazil,"Settled or terminated (withdrawn, mutually agreed solution)","20",March,"2002","6 July 2020"
DS249,Definitive Safeguard Measures on Imports of Certain Steel Products,United States,Japan,"Report(s) adopted, no further action required","20",March,"2002","6 July 2020"
DS248,Definitive Safeguard Measures on Imports of Certain Steel Products,United States,European Communities,"Report(s) adopted, no further action required","7",March,"2002","6 July 2020"
DS247,Provisional Anti-Dumping Measure on Imports of Certain Softwood Lumber from Canada,United States,Canada,"Settled or terminated (withdrawn, mutually agreed solution)","6",March,"2002","6 July 2020"
DS246,Conditions for the Granting of Tariff Preferences to Developing Countries,European Communities,India,Implementation notified by respondent,"5",March,"2002","6 July 2020"
DS245,Measures Affecting the Importation of Apples,Japan,United States,Mutually acceptable solution on implementation notified,"1",March,"2002","6 July 2020"
DS244,Sunset Review of Anti-Dumping Duties on Corrosion-Resistant Carbon Steel Flat Products from Japan,United States,Japan,"Report(s) adopted, no further action required","30",January,"2002","6 July 2020"
DS243,Rules of Origin for Textiles and Apparel Products,United States,India,"Report(s) adopted, no further action required","11",January,"2002","6 July 2020"
DS242,Generalized System of Preferences,European Communities,Thailand,In consultations,"7",December,"2001","6 July 2020"
DS241,Definitive Anti-Dumping Duties on Poultry from Brazil,Argentina,Brazil,"Report(s) adopted, with recommendation to bring measure(s) into conformity","7",November,"2001","6 July 2020"
DS240,Import Prohibition on Wheat and Wheat Flour,Romania,Hungary,"Settled or terminated (withdrawn, mutually agreed solution)","18",October,"2001","6 July 2020"
DS239,Anti-Dumping Duties on Silicon Metal from Brazil,United States,Brazil,In consultations,"18",September,"2001","6 July 2020"
DS238,Definitive Safeguard Measure on Imports of Preserved Peaches,Argentina,Chile,Implementation notified by respondent,"14",September,"2001","6 July 2020"
DS237,Certain Import Procedures for Fresh Fruit,Turkey,Ecuador,"Settled or terminated (withdrawn, mutually agreed solution)","31",August,"2001","6 July 2020"
DS236,Preliminary Determinations with Respect to Certain Softwood Lumber from Canada,United States,Canada,Mutually acceptable solution on implementation notified,"21",August,"2001","6 July 2020"
DS235,Safeguard Measure on Imports of Sugar,Slovak Republic,Poland,"Settled or terminated (withdrawn, mutually agreed solution)","11",July,"2001","6 July 2020"
DS234,Continued Dumping and Subsidy Offset Act of 2000,United States,"['Canada', 'Mexico']","Authorization to retaliate granted, Authorization to retaliate granted","21",May,"2001","6 July 2020"
DS233,Measures Affecting the Import of Pharmaceutical Products,Argentina,India,In consultations,"25",May,"2001","6 July 2020"
DS232,Measures Affecting the Import of Matches,Mexico,Chile,"Settled or terminated (withdrawn, mutually agreed solution)","17",May,"2001","6 July 2020"
DS231,Trade Description of Sardines,European Communities,Peru,Mutually acceptable solution on implementation notified,"20",March,"2001","6 July 2020"
DS230,Safeguard Measures and Modification of Schedules Regarding Sugar,Chile,Colombia,In consultations,"17",April,"2001","6 July 2020"
DS229,Anti-Dumping Duties on Jute Bags from India,Brazil,India,In consultations,"9",April,"2001","6 July 2020"
DS228,Safeguard Measures on Sugar,Chile,Colombia,"Settled or terminated (withdrawn, mutually agreed solution)","15",March,"2001","6 July 2020"
DS227,Taxes on Cigarettes,Peru,Chile,"Settled or terminated (withdrawn, mutually agreed solution)","1",March,"2001","6 July 2020"
DS226,Provisional Safeguard Measure on Mixtures of Edible Oils,Chile,Argentina,In consultations,"19",February,"2001","6 July 2020"
DS225,Anti-Dumping Duties on Seamless Pipe from Italy,United States,European Communities,In consultations,"5",February,"2001","6 July 2020"
DS224,US Patents Code,United States,Brazil,In consultations,"31",January,"2001","6 July 2020"
DS223,Tariff-Rate Quota on Corn Gluten Feed from the United States,European Communities,United States,In consultations,"25",January,"2001","6 July 2020"
DS222,Export Credits and Loan Guarantees for Regional Aircraft,Canada,Brazil,Authorization to retaliate granted,"22",January,"2001","6 July 2020"
DS221,Section 129(c)(1) of the Uruguay Round Agreements Act,United States,Canada,"Report(s) adopted, no further action required","17",January,"2001","6 July 2020"
DS220,Price Band System and Safeguard Measures Relating to Certain Agricultural Products,Chile,Guatemala,In consultations,"5",January,"2001","6 July 2020"
DS219,Anti-Dumping Duties on Malleable Cast Iron Tube or Pipe Fittings from Brazil,European Communities,Brazil,Implementation notified by respondent,"21",December,"2000","6 July 2020"
DS218,Countervailing Duties on Certain Carbon Steel Products from Brazil,United States,Brazil,In consultations,"21",December,"2000","6 July 2020"
DS217,Continued Dumping and Subsidy Offset Act of 2000,United States,"['Australia', 'Brazil', 'Chile', 'European Communities', 'India', 'Indonesia', 'Japan', 'Korea, Republic of', 'Thailand']",Authorization to retaliate granted,"21",December,"2000","6 July 2020"
DS216,Provisional Anti-Dumping Measure on Electric Transformers,Mexico,Brazil,In consultations,"20",December,"2000","6 July 2020"
DS215,Anti-Dumping Measures Regarding Polypropylene Resins from Korea,Philippines,"Korea, Republic of",In consultations,"15",December,"2000","6 July 2020"
DS172,Measures Relating to the Development of a Flight Management System,European Communities,United States,In consultations,"21",May,"1999","6 July 2020"
DS214,Definitive Safeguard Measures on Imports of Steel Wire Rod and Circular Welded Quality Line Pipe,United States,European Communities,"Panel established, but not yet composed","1",December,"2000","6 July 2020"
DS213,Countervailing Duties on Certain Corrosion-Resistant Carbon Steel Flat Products from Germany,United States,European Communities,Implementation notified by respondent,"10",November,"2000","6 July 2020"
DS212,Countervailing Measures Concerning Certain Products from the European Communities,United States,European Communities,Implementation notified by respondent,"10",November,"2000","6 July 2020"
DS211,Definitive Anti-Dumping Measures on Steel Rebar from Turkey,Egypt,Turkey,Implementation notified by respondent,"6",November,"2000","6 July 2020"
DS210,Administration of Measures Establishing Customs Duties for Rice,Belgium,United States,"Settled or terminated (withdrawn, mutually agreed solution)","12",October,"2000","6 July 2020"
DS209,Measures Affecting Soluble Coffee,European Communities,Brazil,In consultations,"12",October,"2000","6 July 2020"
DS208,Anti-Dumping Duty on Steel and Iron Pipe Fittings,Turkey,Brazil,In consultations,"9",October,"2000","6 July 2020"
DS207,Price Band System and Safeguard Measures Relating to Certain Agricultural Products,Chile,Argentina,Compliance proceedings completed with finding(s) of non-compliance,"5",October,"2000","6 July 2020"
DS206,Anti-Dumping and Countervailing Measures on Steel Plate from India,United States,India,Implementation notified by respondent,"4",October,"2000","6 July 2020"
DS205,Import Prohibition on Canned Tuna with Soybean Oil,Egypt,Thailand,In consultations,"22",September,"2000","6 July 2020"
DS204,Measures Affecting Telecommunications Services,Mexico,United States,Implementation notified by respondent,"17",August,"2000","6 July 2020"
DS203,Measures Affecting Trade in Live Swine,Mexico,United States,In consultations,"10",July,"2000","6 July 2020"
DS202,Definitive Safeguard Measures on Imports of Circular Welded Carbon Quality Line Pipe from Korea,United States,"Korea, Republic of",Implementation notified by respondent,"13",June,"2000","6 July 2020"
DS201,Measures Affecting Imports from Honduras and Colombia,Nicaragua,Honduras,In consultations,"6",June,"2000","6 July 2020"
DS200,Section 306 of the Trade Act 1974 and Amendments thereto,United States,European Communities,In consultations,"5",June,"2000","6 July 2020"
DS199,Measures Affecting Patent Protection,Brazil,United States,"Settled or terminated (withdrawn, mutually agreed solution)","30",May,"2000","6 July 2020"
DS198,Measures on Minimum Import Prices,Romania,United States,"Settled or terminated (withdrawn, mutually agreed solution)","30",May,"2000","6 July 2020"
DS197,Measures on Minimum Import Prices,Brazil,United States,In consultations,"30",May,"2000","6 July 2020"
DS196,Certain Measures on the Protection of Patents and Test Data,Argentina,United States,"Settled or terminated (withdrawn, mutually agreed solution)","30",May,"2000","6 July 2020"
DS195,Measures Affecting Trade and Investment in the Motor Vehicle Sector,Philippines,United States,"Panel established, but not yet composed","23",May,"2000","6 July 2020"
DS194,Measures Treating Export Restraints as Subsidies,United States,Canada,"Report(s) adopted, no further action required","19",May,"2000","6 July 2020"
DS193,Measures affecting the Transit and Importing of Swordfish,Chile,European Communities,"Settled or terminated (withdrawn, mutually agreed solution)","19",April,"2000","6 July 2020"
DS192,Transitional Safeguard Measure on Combed Cotton Yarn from Pakistan,United States,Pakistan,Implementation notified by respondent,"3",April,"2000","6 July 2020"
DS191,Definitive Anti-Dumping Measure on Cement from Mexico,Ecuador,Mexico,In consultations,"15",March,"2000","6 July 2020"
DS190,Transitional Safeguard Measures on Certain Imports of Woven Fabric Products of Cotton and Cotton Mixtures Originating in Brazil,Argentina,Brazil,"Settled or terminated (withdrawn, mutually agreed solution)","11",February,"2000","6 July 2020"
DS189,Definitive Anti-Dumping Measures on Carton-Board Imports from Germany and Definitive Anti-Dumping Measures on Imports of Ceramic Tiles from Italy,Argentina,European Communities,Implementation notified by respondent,"26",January,"2000","6 July 2020"
DS188,Measures Affecting Imports from Honduras and Colombia,Nicaragua,Colombia,"Panel established, but not yet composed","17",January,"2000","6 July 2020"
DS187,Provisional Anti-Dumping Measure on Macaroni and Spaghetti from Costa Rica,Trinidad and Tobago,Costa Rica,In consultations,"17",January,"2000","6 July 2020"
DS186,Section 337 of the Tariff Act of 1930 and Amendments thereto,United States,European Communities,In consultations,"12",January,"2000","6 July 2020"
DS185,Anti-Dumping Measures on Pasta from Costa Rica,Trinidad and Tobago,Costa Rica,In consultations,"18",November,"1999","6 July 2020"
DS184,Anti-Dumping Measures on Certain Hot-Rolled Steel Products from Japan,United States,Japan,"Report(s) adopted, with recommendation to bring measure(s) into conformity","18",November,"1999","6 July 2020"
DS183,Measures on Import Licensing and Minimum Import Prices,Brazil,European Communities,In consultations,"14",October,"1999","6 July 2020"
DS182,Provisional Anti-Dumping Measure on Cement from Mexico,Ecuador,Mexico,In consultations,"5",October,"1999","6 July 2020"
DS181,Safeguard Measure of Imports of Plain Polyester Filaments from Thailand,Colombia,Thailand,"Settled or terminated (withdrawn, mutually agreed solution)","7",September,"1999","6 July 2020"
DS180,Reclassification of Certain Sugar Syrups,United States,Canada,In consultations,"6",September,"1999","6 July 2020"
DS179,Anti-Dumping measures on Stainless Steel Plate in Coils and Stainless Steel Sheet and Strip from Korea,United States,"Korea, Republic of",Implementation notified by respondent,"30",July,"1999","6 July 2020"
DS178,"Safeguard Measure on Imports of Fresh, Chilled or Frozen Lamb from Australia",United States,Australia,Implementation notified by respondent,"23",July,"1999","6 July 2020"
DS177,"Safeguard Measure on Imports of Fresh, Chilled or Frozen Lamb from New Zealand",United States,New Zealand,Implementation notified by respondent,"16",July,"1999","6 July 2020"
DS176,Section 211 Omnibus Appropriations Act of 1998,United States,European Communities,"Report(s) adopted, with recommendation to bring measure(s) into conformity","8",July,"1999","6 July 2020"
DS175,Measures Affecting Trade and Investment in the Motor Vehicle Sector,India,United States,Implementation notified by respondent,"2",June,"1999","6 July 2020"
DS174,Protection of Trademarks and Geographical Indications for Agricultural Products and Foodstuffs,European Communities,United States,Implementation notified by respondent,"1",June,"1999","6 July 2020"
DS173,Measures Relating to the Development of a Flight Management System,France,United States,In consultations,"21",May,"1999","6 July 2020"
DS171,Patent Protection for Pharmaceuticals and Test Data Protection for Agricultural Chemicals,Argentina,United States,"Settled or terminated (withdrawn, mutually agreed solution)","6",May,"1999","6 July 2020"
DS170,Term of Patent Protection,Canada,United States,Implementation notified by respondent,"6",May,"1999","6 July 2020"
DS169,"Measures Affecting Imports of Fresh, Chilled and Frozen Beef","Korea, Republic of",Australia,Implementation notified by respondent,"13",April,"1999","6 July 2020"
DS168,Anti-Dumping Duties on Certain Pharmaceutical Products from India,South Africa,India,In consultations,"1",April,"1999","6 July 2020"
DS167,Countervailing Duty Investigation with respect to Live Cattle from Canada,United States,Canada,In consultations,"19",March,"1999","6 July 2020"
DS166,Definitive Safeguard Measures on Imports of Wheat Gluten from the European Communities,United States,European Communities,"Report(s) adopted, with recommendation to bring measure(s) into conformity","17",March,"1999","6 July 2020"
DS165,Import Measures on Certain Products from the European Communities,United States,European Communities,"Report(s) adopted, no further action required","4",March,"1999","6 July 2020"
DS164,Measures Affecting Imports of Footwear,Argentina,United States,"Panel established, but not yet composed","1",March,"1999","6 July 2020"
DS163,Measures Affecting Government Procurement,"Korea, Republic of",United States,"Report(s) adopted, no further action required","16",February,"1999","6 July 2020"
DS162,Anti-Dumping Act of 1916,United States,Japan,Implementation notified by respondent,"10",February,"1999","6 July 2020"
DS161,"Measures Affecting Imports of Fresh, Chilled and Frozen Beef","Korea, Republic of",United States,Implementation notified by respondent,"1",February,"1999","6 July 2020"
DS160,Section 110(5) of US Copyright Act,United States,European Communities,Authorization to retaliate requested (including 22.6 arbitration),"26",January,"1999","6 July 2020"
DS159,Safeguard Measure on Imports of Steel Products from the Czech Republic,Hungary,Czech Republic,In consultations,"21",January,"1999","6 July 2020"
DS158,"Regime for the Importation, Sale and Distribution of Bananas",European Communities,"['Guatemala', 'Honduras', 'Mexico', 'Panama', 'United States']","Settled or terminated (withdrawn, mutually agreed solution)","20",January,"1999","6 July 2020"
DS157,Definitive Anti-Dumping Measures on Imports of Drill Bits from Italy,Argentina,European Communities,In consultations,"14",January,"1999","6 July 2020"
DS156,Definitive Anti-Dumping Measure on Grey Portland Cement from Mexico,Guatemala,Mexico,Implementation notified by respondent,"5",January,"1999","6 July 2020"
DS155,Measures Affecting the Export of Bovine Hides and the Import of Finished Leather,Argentina,European Communities,"Report(s) adopted, with recommendation to bring measure(s) into conformity","23",December,"1998","6 July 2020"
DS154,Measures Affecting Differential and Favourable Treatment of Coffee,European Communities,Brazil,In consultations,"7",December,"1998","6 July 2020"
DS153,Patent Protection for Pharmaceutical and Agricultural Chemical Products,European Communities,Canada,In consultations,"2",December,"1998","6 July 2020"
DS152,Sections 301-310 of the Trade Act 1974,United States,European Communities,"Report(s) adopted, no further action required","25",November,"1998","6 July 2020"
DS151,Measures Affecting Textiles and Apparel Products (II),United States,European Communities,"Settled or terminated (withdrawn, mutually agreed solution)","19",November,"1998","6 July 2020"
DS150,Measures Affecting Customs Duties,India,European Communities,In consultations,"31",October,"1998","6 July 2020"
DS149,Import Restrictions,India,European Communities,In consultations,"28",October,"1998","6 July 2020"
DS148,Measure Affecting Import Duty on Wheat from Hungary,Czech Republic,Hungary,In consultations,"12",October,"1998","6 July 2020"
DS147,Tariff Quotas and Subsidies Affecting Leather,Japan,European Communities,In consultations,"8",October,"1998","6 July 2020"
DS146,Measures Affecting the Automotive Sector,India,European Communities,Implementation notified by respondent,"6",October,"1998","6 July 2020"
DS145,Countervailing Duties on Imports of Wheat Gluten from the European Communities,Argentina,European Communities,In consultations,"23",September,"1998","6 July 2020"
DS144,"Certain Measures Affecting the Import of Cattle, Swine and Grain from Canada",United States,Canada,In consultations,"25",September,"1998","6 July 2020"
DS143,Measure Affecting Import Duty on Wheat from Hungary,Slovak Republic,Hungary,In consultations,"19",September,"1998","6 July 2020"
DS142,Certain Measures Affecting the Automotive Industry,Canada,European Communities,Implementation notified by respondent,"17",August,"1998","6 July 2020"
DS141,Anti-Dumping Duties on Imports of Cotton-type Bed Linen from India,European Communities,India,Compliance proceedings completed with finding(s) of non-compliance,"3",August,"1998","6 July 2020"
DS140,Anti-Dumping Investigations Regarding Unbleached Cotton Fabrics from India,European Communities,India,In consultations,"3",August,"1998","6 July 2020"
DS139,Certain Measures Affecting the Automotive Industry,Canada,Japan,Implementation notified by respondent,"3",July,"1998","6 July 2020"
DS138,Imposition of Countervailing Duties on Certain Hot-Rolled Lead and Bismuth Carbon Steel Products Originating in the United Kingdom,United States,European Communities,Implementation notified by respondent,"12",June,"1998","6 July 2020"
DS137,Measures Affecting Imports of Wood of Conifers from Canada,European Communities,Canada,In consultations,"17",June,"1998","6 July 2020"
DS136,Anti-Dumping Act of 1916,United States,European Communities,Implementation notified by respondent,"4",June,"1998","6 July 2020"
DS135,Measures Affecting Asbestos and Products Containing Asbestos,European Communities,Canada,"Report(s) adopted, no further action required","28",May,"1998","6 July 2020"
DS134,Restrictions on Certain Import Duties on Rice,European Communities,India,In consultations,"27",May,"1998","6 July 2020"
DS133,Measures Concerning the Importation of Dairy Products and the Transit of Cattle,Slovak Republic,Switzerland,In consultations,"7",May,"1998","6 July 2020"
DS132,Anti-Dumping Investigation of High-Fructose Corn Syrup (HFCS) from the United States,Mexico,United States,Compliance proceedings completed with finding(s) of non-compliance,"8",May,"1998","6 July 2020"
DS131,Certain Income Tax Measures Constituting Subsidies,France,United States,In consultations,"5",May,"1998","6 July 2020"
DS130,Certain Income Tax Measures Constituting Subsidies,Ireland,United States,In consultations,"5",May,"1998","6 July 2020"
DS129,Certain Income Tax Measures Constituting Subsidies,Greece,United States,In consultations,"5",May,"1998","6 July 2020"
DS128,Certain Income Tax Measures Constituting Subsidies,Netherlands,United States,In consultations,"5",May,"1998","6 July 2020"
DS126,Subsidies Provided to Producers and Exporters of Automotive Leather,Australia,United States,Mutually acceptable solution on implementation notified,"4",May,"1998","6 July 2020"
DS125,Enforcement of Intellectual Property Rights for Motion Pictures and Television Programs,Greece,United States,"Settled or terminated (withdrawn, mutually agreed solution)","4",May,"1998","6 July 2020"
DS124,Enforcement of Intellectual Property Rights for Motion Pictures and Television Programs,European Communities,United States,"Settled or terminated (withdrawn, mutually agreed solution)","30",April,"1998","6 July 2020"
DS123,Safeguard Measures on Imports of Footwear,Argentina,Indonesia,In consultations,"22",April,"1998","6 July 2020"
DS122,"Anti-Dumping Duties on Angles, Shapes and Sections of Iron or Non-Alloy Steel and H Beams from Poland",Thailand,Poland,Implementation notified by respondent,"6",April,"1998","6 July 2020"
DS121,Safeguard Measures on Imports of Footwear,Argentina,European Communities,Implementation notified by respondent,"6",April,"1998","6 July 2020"
DS120,Measures Affecting Export of Certain Commodities,India,European Communities,In consultations,"11",March,"1998","6 July 2020"
DS119,Anti-Dumping Measures on Imports of Coated Woodfree Paper Sheets,Australia,Switzerland,"Settled or terminated (withdrawn, mutually agreed solution)","20",February,"1998","6 July 2020"
DS118,Harbour Maintenance Tax,United States,European Communities,In consultations,"6",February,"1998","6 July 2020"
DS117,Measures Affecting Film Distribution Services,Canada,European Communities,In consultations,"20",January,"1998","6 July 2020"
DS116,Measures Affecting Payment Terms for Imports,Brazil,European Communities,In consultations,"8",January,"1998","6 July 2020"
DS115,Measures Affecting the Grant of Copyright and Neighbouring Rights,European Communities,United States,"Settled or terminated (withdrawn, mutually agreed solution)","6",January,"1998","6 July 2020"
DS114,Patent Protection of Pharmaceutical Products,Canada,European Communities,Implementation notified by respondent,"19",December,"1997","6 July 2020"
DS113,Measures Affecting Dairy Exports,Canada,New Zealand,Mutually acceptable solution on implementation notified,"29",December,"1997","6 July 2020"
DS112,Countervailing Duty Investigation against Imports of Buses from Brazil,Peru,Brazil,In consultations,"23",December,"1997","6 July 2020"
DS111,Tariff Rate Quota for Imports of Groundnuts,United States,Argentina,In consultations,"19",December,"1997","6 July 2020"
DS110,Taxes on Alcoholic Beverages,Chile,European Communities,Implementation notified by respondent,"15",December,"1997","6 July 2020"
DS109,Taxes on Alcoholic Beverages,Chile,United States,In consultations,"11",December,"1997","6 July 2020"
DS108,Tax Treatment for Foreign Sales Corporations,United States,European Communities,Mutually acceptable solution on implementation notified,"18",November,"1997","6 July 2020"
DS107,Export Measures Affecting Hides and Skins,Pakistan,European Communities,In consultations,"7",November,"1997","6 July 2020"
DS106,Subsidies Provided to Producers and Exporters of Automotive Leather,Australia,United States,"Settled or terminated (withdrawn, mutually agreed solution)","10",November,"1997","6 July 2020"
DS105,"Regime for the Importation, Sale and Distribution of Bananas",European Communities,Panama,"Settled or terminated (withdrawn, mutually agreed solution)","24",October,"1997","6 July 2020"
DS104,Measures Affecting the Exportation of Processed Cheese,European Communities,United States,In consultations,"8",October,"1997","6 July 2020"
DS103,Measures Affecting the Importation of Milk and the Exportation of Dairy Products,Canada,United States,Mutually acceptable solution on implementation notified,"8",October,"1997","6 July 2020"
DS102,Measures Affecting Pork and Poultry,Philippines,United States,"Settled or terminated (withdrawn, mutually agreed solution)","7",October,"1997","6 July 2020"
DS101,Anti-Dumping Investigation of High-Fructose Corn Syrup (HFCS) from the United States,Mexico,United States,In consultations,"4",September,"1997","6 July 2020"
DS100,Measures Affecting Imports of Poultry Products,United States,European Communities,In consultations,"18",August,"1997","6 July 2020"
DS99,Anti-Dumping Duty on Dynamic Random Access Memory Semiconductors (DRAMS) of One Megabit or Above from Korea,United States,"Korea, Republic of",Mutually acceptable solution on implementation notified,"14",August,"1997","6 July 2020"
DS98,Definitive Safeguard Measure on Imports of Certain Dairy Products,"Korea, Republic of",European Communities,Implementation notified by respondent,"12",August,"1997","6 July 2020"
DS97,Countervailing Duty Investigation of Imports of Salmon from Chile,United States,Chile,In consultations,"5",August,"1997","6 July 2020"
DS96,"Quantitative Restrictions on Imports of Agricultural, Textile and Industrial Products",India,European Communities,"Settled or terminated (withdrawn, mutually agreed solution)","18",July,"1997","6 July 2020"
DS95,Measure Affecting Government Procurement,United States,Japan,Authority for panel lapsed,"18",July,"1997","6 July 2020"
DS94,"Quantitative Restrictions on Imports of Agricultural, Textile and Industrial Products",India,Switzerland,"Settled or terminated (withdrawn, mutually agreed solution)","17",July,"1997","6 July 2020"
DS93,"Quantitative Restrictions on Imports of Agricultural, Textile and Industrial Products",India,New Zealand,"Settled or terminated (withdrawn, mutually agreed solution)","16",July,"1997","6 July 2020"
DS92,"Quantitative Restrictions on Imports of Agricultural, Textile and Industrial Products",India,Canada,"Settled or terminated (withdrawn, mutually agreed solution)","16",July,"1997","6 July 2020"
DS91,"Quantitative Restrictions on Imports of Agricultural, Textile and Industrial Products",India,Australia,"Settled or terminated (withdrawn, mutually agreed solution)","16",July,"1997","6 July 2020"
DS90,"Quantitative Restrictions on Imports of Agricultural, Textile and Industrial Products",India,United States,Implementation notified by respondent,"15",July,"1997","6 July 2020"
DS89,Anti-Dumping Duties on Imports of Colour Television Receivers from Korea,United States,"Korea, Republic of","Settled or terminated (withdrawn, mutually agreed solution)","10",July,"1997","6 July 2020"
DS88,Measure Affecting Government Procurement,United States,European Communities,Authority for panel lapsed,"20",June,"1997","6 July 2020"
DS87,Taxes on Alcoholic Beverages,Chile,European Communities,Implementation notified by respondent,"4",June,"1997","6 July 2020"
DS86,Measures Affecting the Enforcement of Intellectual Property Rights,Sweden,United States,"Settled or terminated (withdrawn, mutually agreed solution)","28",May,"1997","6 July 2020"
DS85,Measures Affecting Textiles and Apparel Products,United States,European Communities,"Settled or terminated (withdrawn, mutually agreed solution)","22",May,"1997","6 July 2020"
DS84,Taxes on Alcoholic Beverages,"Korea, Republic of",United States,Implementation notified by respondent,"23",May,"1997","6 July 2020"
DS83,Measures Affecting the Enforcement of Intellectual Property Rights,Denmark,United States,"Settled or terminated (withdrawn, mutually agreed solution)","14",May,"1997","6 July 2020"
DS82,Measures Affecting the Grant of Copyright and Neighbouring Rights,Ireland,United States,"Settled or terminated (withdrawn, mutually agreed solution)","14",May,"1997","6 July 2020"
DS81,Measures Affecting Trade and Investment in the Automotive Sector,Brazil,European Communities,In consultations,"7",May,"1997","6 July 2020"
DS80,Measures Affecting Commercial Telephone Directory Services,Belgium,United States,In consultations,"2",May,"1997","6 July 2020"
DS79,Patent Protection for Pharmaceutical and Agricultural Chemical Products,India,European Communities,Implementation notified by respondent,"28",April,"1997","6 July 2020"
DS78,Safeguard Measure Against Imports of Broom Corn Brooms,United States,Colombia,In consultations,"28",April,"1997","6 July 2020"
DS77,"Measures Affecting Textiles, Clothing and Footwear",Argentina,European Communities,Authority for panel lapsed,"23",April,"1997","6 July 2020"
DS76,Measures Affecting Agricultural Products,Japan,United States,Mutually acceptable solution on implementation notified,"7",April,"1997","6 July 2020"
DS75,Taxes on Alcoholic Beverages,"Korea, Republic of",European Communities,Implementation notified by respondent,"2",April,"1997","6 July 2020"
DS74,Measures Affecting Pork and Poultry,Philippines,United States,"Settled or terminated (withdrawn, mutually agreed solution)","1",April,"1997","6 July 2020"
DS73,Procurement of a Navigation Satellite,Japan,European Communities,"Settled or terminated (withdrawn, mutually agreed solution)","26",March,"1997","6 July 2020"
DS72,Measures Affecting Butter Products,European Communities,New Zealand,"Settled or terminated (withdrawn, mutually agreed solution)","24",March,"1997","6 July 2020"
DS71,Measures Affecting the Export of Civilian Aircraft,Canada,Brazil,In consultations,"10",March,"1997","6 July 2020"
DS70,Measures Affecting the Export of Civilian Aircraft,Canada,Brazil,Compliance proceedings completed with finding(s) of non-compliance,"10",March,"1997","6 July 2020"
DS69,Measures Affecting Importation of Certain Poultry Products,European Communities,Brazil,"Report(s) adopted, with recommendation to bring measure(s) into conformity","24",February,"1997","6 July 2020"
DS68,Customs Classification of Certain Computer Equipment,Ireland,United States,"Report(s) adopted, no further action required","14",February,"1997","6 July 2020"
DS67,Customs Classification of Certain Computer Equipment,United Kingdom,United States,"Report(s) adopted, no further action required","14",February,"1997","6 July 2020"
DS66,Measures Affecting Imports of Pork,Japan,European Communities,In consultations,"25",January,"1997","6 July 2020"
DS65,Certain Measures Affecting Trade and Investment in the Automotive Sector,Brazil,United States,In consultations,"10",January,"1997","6 July 2020"
DS64,Certain Measures Affecting the Automobile Industry,Indonesia,Japan,Implementation notified by respondent,"29",November,"1996","6 July 2020"
DS63,Anti-Dumping Measures on Imports of Solid Urea from the Former German Democratic Republic,United States,European Communities,In consultations,"28",November,"1996","6 July 2020"
DS62,Customs Classification of Certain Computer Equipment,European Communities,United States,"Report(s) adopted, no further action required","8",November,"1996","6 July 2020"
DS61,Import Prohibition of Certain Shrimp and Shrimp Products,United States,Philippines,In consultations,"25",October,"1996","6 July 2020"
DS60,Anti-Dumping Investigation Regarding Portland Cement from Mexico,Guatemala,Mexico,"Report(s) adopted, no further action required","17",October,"1996","6 July 2020"
DS59,Certain Measures Affecting the Automobile Industry,Indonesia,United States,Implementation notified by respondent,"8",October,"1996","6 July 2020"
DS58,Import Prohibition of Certain Shrimp and Shrimp Products,United States,"['India', 'Malaysia', 'Pakistan', 'Thailand']",Compliance proceedings completed without finding of non-compliance,"8",October,"1996","6 July 2020"
DS57,"Textile, Clothing and Footwear Import Credit Scheme",Australia,United States,In consultations,"7",October,"1996","6 July 2020"
DS56,"Measures Affecting Imports of Footwear, Textiles, Apparel and other Items",Argentina,United States,Implementation notified by respondent,"4",October,"1996","6 July 2020"
DS55,Certain Measures Affecting the Automobile Industry,Indonesia,Japan,Implementation notified by respondent,"4",October,"1996","6 July 2020"
DS54,Certain Measures Affecting the Automobile Industry,Indonesia,European Communities,Implementation notified by respondent,"3",October,"1996","6 July 2020"
DS53,Customs Valuation of Imports,Mexico,European Communities,In consultations,"27",August,"1996","6 July 2020"
DS52,Certain Measures Affecting Trade and Investment in the Automotive Sector,Brazil,United States,In consultations,"9",August,"1996","6 July 2020"
DS51,Certain Automotive Investment Measures,Brazil,Japan,In consultations,"30",July,"1996","6 July 2020"
DS50,Patent Protection for Pharmaceutical and Agricultural Chemical Products,India,United States,Implementation notified by respondent,"2",July,"1996","6 July 2020"
DS49,Anti-Dumping Investigation Regarding Imports of Fresh or Chilled Tomatoes from Mexico,United States,Mexico,In consultations,"1",July,"1996","6 July 2020"
DS48,Measures Concerning Meat and Meat Products (Hormones),European Communities,Canada,Mutually acceptable solution on implementation notified,"28",July,"1996","6 July 2020"
DS47,Restrictions on Imports of Textile and Clothing Products,Turkey,Thailand,In consultations,"20",June,"1996","6 July 2020"
DS46,Export Financing Programme for Aircraft,Brazil,Canada,Compliance proceedings completed without finding of non-compliance,"19",June,"1996","6 July 2020"
DS45,Measures Affecting Distribution Services,Japan,United States,In consultations,"13",June,"1996","6 July 2020"
DS44,Measures Affecting Consumer Photographic Film and Paper,Japan,United States,"Report(s) adopted, no further action required","13",June,"1996","6 July 2020"
DS43,Taxation of Foreign Film Revenues,Turkey,United States,"Settled or terminated (withdrawn, mutually agreed solution)","12",June,"1996","6 July 2020"
DS42,Measures concerning Sound Recordings,Japan,European Communities,"Settled or terminated (withdrawn, mutually agreed solution)","28",May,"1996","6 July 2020"
DS41,Measures concerning Inspection of Agricultural Products,"Korea, Republic of",United States,In consultations,"24",May,"1996","6 July 2020"
DS40,"Laws, Regulations and Practices in the Telecommunications Procurement Sector","Korea, Republic of",European Communities,"Settled or terminated (withdrawn, mutually agreed solution)","5",May,"1996","6 July 2020"
DS39,Tariff Increases on Products from the European Communities,United States,European Communities,"Settled or terminated (withdrawn, mutually agreed solution)","18",April,"1996","6 July 2020"
DS38,The Cuban Liberty and Democratic Solidarity Act,United States,European Communities,Authority for panel lapsed,"3",May,"1996","6 July 2020"
DS37,Patent Protection under the Industrial Property Act,Portugal,United States,"Settled or terminated (withdrawn, mutually agreed solution)","30",April,"1996","6 July 2020"
DS36,Patent Protection for Pharmaceutical and Agricultural Chemical Products,Pakistan,United States,"Settled or terminated (withdrawn, mutually agreed solution)","30",April,"1996","6 July 2020"
DS35,Export Subsidies in respect of Agricultural Products,Hungary,"['Argentina', 'Australia', 'Canada', 'New Zealand', 'Thailand', 'United States']","Settled or terminated (withdrawn, mutually agreed solution)","27",March,"1996","6 July 2020"
DS34,Restrictions on Imports of Textile and Clothing Products,Turkey,India,Mutually acceptable solution on implementation notified,"21",March,"1996","6 July 2020"
DS33,Measures Affecting Imports of Woven Wool Shirts and Blouses from India,United States,India,Mutually acceptable solution on implementation notified,"14",March,"1996","6 July 2020"
DS32,Measures Affecting Imports of Womens and Girls Wool Coats,United States,India,"Settled or terminated (withdrawn, mutually agreed solution)","14",March,"1996","6 July 2020"
DS31,Certain Measures Concerning Periodicals,Canada,United States,Implementation notified by respondent,"11",March,"1996","6 July 2020"
DS30,Countervailing Duties on Imports of Desiccated Coconut and Coconut Milk Powder from Sri Lanka,Brazil,Sri Lanka,In consultations,"23",February,"1996","6 July 2020"
DS29,Restrictions on Imports of Textile and Clothing Products,Turkey,"Hong Kong, China",In consultations,"12",February,"1996","6 July 2020"
DS28,Measures Concerning Sound Recordings,Japan,United States,"Settled or terminated (withdrawn, mutually agreed solution)","9",February,"1996","6 July 2020"
DS27,"Regime for the Importation, Sale and Distribution of Bananas",European Communities,"['Ecuador', 'Guatemala', 'Honduras', 'Mexico', 'United States']","Settled or terminated (withdrawn, mutually agreed solution)","5",February,"1996","6 July 2020"
DS26,Measures Concerning Meat and Meat Products (Hormones),European Communities,United States,Mutually acceptable solution on implementation notified,"26",January,"1996","6 July 2020"
DS25,Implementation of the Uruguay Round Commitments Concerning Rice,European Communities,Uruguay,In consultations,"14",December,"1995","6 July 2020"
DS24,Restrictions on Imports of Cotton and Man-Made Fibre Underwear,United States,Costa Rica,Implementation notified by respondent,"22",December,"1995","6 July 2020"
DS23,Anti-Dumping Investigation in Respect of Imports of Certain Oil Country Tubular Goods (OCTG),"Venezuela, Bolivarian Republic of",Mexico,"Settled or terminated (withdrawn, mutually agreed solution)","5",December,"1995","6 July 2020"
DS22,Measures Affecting Desiccated Coconut,Brazil,Philippines,"Report(s) adopted, no further action required","30",November,"1995","6 July 2020"
DS21,Measures Affecting the Importation of Salmonids,Australia,United States,"Settled or terminated (withdrawn, mutually agreed solution)","20",November,"1995","6 July 2020"
DS20,Measures concerning Bottled Water,"Korea, Republic of",Canada,"Settled or terminated (withdrawn, mutually agreed solution)","8",November,"1995","6 July 2020"
DS19,Import Regime for Automobiles,Poland,India,"Settled or terminated (withdrawn, mutually agreed solution)","28",September,"1995","6 July 2020"
DS18,Measures Affecting Importation of Salmon,Australia,Canada,Mutually acceptable solution on implementation notified,"5",October,"1995","6 July 2020"
DS17,Duties on Imports of Rice,European Communities,Thailand,In consultations,"5",October,"1995","6 July 2020"
DS16,"Regime for the Importation, Sale and Distribution of Bananas",European Communities,"['Guatemala', 'Honduras', 'Mexico', 'United States']","Settled or terminated (withdrawn, mutually agreed solution)","28",September,"1995","6 July 2020"
DS15,Measures Affecting the Purchase of Telecommunications Equipment,Japan,European Communities,In consultations,"18",August,"1995","6 July 2020"
DS14,Trade Description of Scallops,European Communities,Chile,"Settled or terminated (withdrawn, mutually agreed solution)","24",July,"1995","6 July 2020"
DS13,Duties on Imports of Grains,European Communities,United States,"Settled or terminated (withdrawn, mutually agreed solution)","19",July,"1995","6 July 2020"
DS12,Trade Description of Scallops,European Communities,Peru,"Settled or terminated (withdrawn, mutually agreed solution)","18",July,"1995","6 July 2020"
DS11,Taxes on Alcoholic Beverages,Japan,United States,Mutually acceptable solution on implementation notified,"7",July,"1995","6 July 2020"
DS10,Taxes on Alcoholic Beverages,Japan,Canada,Mutually acceptable solution on implementation notified,"7",July,"1995","6 July 2020"
DS9,Duties on Imports of Cereals,European Communities,Canada,"Panel established, but not yet composed","30",June,"1995","6 July 2020"
DS8,Taxes on Alcoholic Beverages,Japan,European Communities,Mutually acceptable solution on implementation notified,"21",June,"1995","6 July 2020"
DS7,Trade Description of Scallops,European Communities,Canada,"Settled or terminated (withdrawn, mutually agreed solution)","19",May,"1995","6 July 2020"
DS6,Imposition of Import Duties on Automobiles from Japan under Sections 301 and 304 of the Trade act of 1974,United States,Japan,"Settled or terminated (withdrawn, mutually agreed solution)","17",May,"1995","6 July 2020"
DS5,Measures Concerning the Shelf-Life of Products,"Korea, Republic of",United States,"Settled or terminated (withdrawn, mutually agreed solution)","3",May,"1995","6 July 2020"
DS4,Standards for Reformulated and Conventional Gasoline,United States,Brazil,Implementation notified by respondent,"10",April,"1995","6 July 2020"
DS3,Measures Concerning the Testing and Inspection of Agricultural Products,"Korea, Republic of",United States,In consultations,"4",April,"1995","6 July 2020"
DS2,Standards for Reformulated and Conventional Gasoline,United States,"Venezuela, Bolivarian Republic of",Implementation notified by respondent,"24",January,"1995","6 July 2020"
DS1,Prohibition of Imports of Polyethylene and Polypropylene,Malaysia,Singapore,"Settled or terminated (withdrawn, mutually agreed solution)","10",January,"1995","6 July 2020"
